{
  "id": "fvtt-elemental",
  "title": "Elemental RPG (Unofficial)",
  "description": "<p>An unofficial implementation of the Elemental RPG system from Gildor Games",
  "version": "0.0.3",
  "compatibility": {
    "minimum": 12,
    "verified": 12.327,
    "maximum": 12
  },
  "authors": [
    {
      "name": "Javier Rivera",
      "url": "https://github.com/javierriveracastro/"
    }
  ],
  "esmodules": [
    "src/elemental-main.js"
  ],
  "styles": [
    "css/elemental-tailwind.css",
    "css/elemental.css"
  ],
  "languages": [
    {
      "lang": "en",
      "name": "English",
      "path": "lang/en.json"
    }
  ],
  "manifest": "",
  "download": "",
  "url": "",
  "changelog": "",
  "license": "",
  "initiative": "@current_initiative",
  "packs": [
    {
      "name": "Skills",
      "label": "Skills",
      "path": "packs/Skills",
      "type": "Item",
      "ownership": {
        "PLAYER": "OBSERVER",
        "ASSISTANT": "OWNER"
      },
      "system": "fvtt-elemental",
      "flags": {}
    }
  ]
}